{"id": "input.jpg", "question": "Describe this image.", "caption": "This is a blue plastic lunchbox with a pink and white label on the front that says 'Lunch' in white letters. Inside the box are several items, including a small bowl of vegetables, a sandwich with meat and cheese, a bag of chips, and an apple. There are also several condiments, such as ketchup and mustard, on the side of the box.", "objs": ["plastic", "lunchbox", "pink", "label", "front", "'Lunch", "letters", "box", "items", "bowl", "vegetables", "sandwich", "meat", "cheese", "bag", "chips", "apple", "condiments", "ketchup", "mustard", "side"], "plist": [0.1976318359375, 0.1044921875, 0.10711669921875, 0.07220458984375, 0.143798828125, 0.0208587646484375, 0.0560302734375, 0.146484375, 0.405517578125], "p_all": {"This": [0.6689453125], "is": [0.281494140625], "a": [0.78271484375, 0.78271484375, 0.78271484375, 0.78271484375, 0.78271484375], "blue": [0.309814453125], "plastic": [0.5126953125], "lunchbox": [0.83837890625], "with": [0.94482421875, 0.94482421875], "pink": [0.1976318359375], "and": [0.18701171875, 0.18701171875, 0.18701171875, 0.18701171875], "white": [0.258544921875, 0.258544921875], "label": [0.1044921875], "on": [0.90478515625, 0.90478515625], "the": [0.84814453125, 0.84814453125, 0.84814453125, 0.84814453125], "front": [0.763671875], "that": [0.8291015625], "says": [0.66552734375], "'Lunch": [0.10711669921875], "'": [0.10711669921875], "in": [0.88232421875], "letters": [0.93798828125], ".": [], "Inside": [0.9033203125], "box": [1.0, 1.0], "are": [0.352294921875, 0.352294921875], "several": [0.697265625, 0.697265625], "items": [0.07220458984375], ",": [], "including": [1.0], "small": [0.06787109375], "bowl": [0.143798828125], "of": [1.0, 1.0, 1.0], "vegetables": [0.0208587646484375], "sandwich": [0.0560302734375], "meat": [0.58056640625], "cheese": [1.0], "bag": [0.146484375], "chips": [0.91259765625], "an": [0.0953369140625], "apple": [1.0], "There": [0.415283203125], "also": [1.0], "condiments": [0.405517578125], "such": [0.449462890625], "as": [1.0], "ketchup": [0.9560546875], "mustard": [1.0], "side": [1.0]}, "model": "MiniGPT-4_13b"}
